{
    "accuracy": 0.8181818181818182,
    "precision": 0.828125,
    "recall": 0.9464285714285714,
    "f1_score": 0.8833333333333333
}