{
    "accuracy": 0.8441558441558441,
    "precision": 0.8333333333333334,
    "recall": 0.9821428571428571,
    "f1_score": 0.9016393442622951
}