{
    "accuracy": 0.8311688311688312,
    "precision": 0.8307692307692308,
    "recall": 0.9642857142857143,
    "f1_score": 0.8925619834710744
}